Time,Oxygen Level,Pulse Rate,Motion
17:32:25 16/08/2026,97,113,1
17:32:27 16/08/2026,97,113,0
17:32:29 16/08/2026,97,108,0
17:32:31 16/08/2026,97,111,0
17:32:33 16/08/2026,97,109,0
17:32:35 16/08/2026,97,110,0
17:32:37 16/08/2026,97,110,0
17:32:39 16/08/2026,97,111,0
17:32:41 16/08/2026,97,112,0
17:32:43 16/08/2026,98,113,0
17:32:45 16/08/2026,98,112,0
17:32:47 16/08/2026,98,112,0
17:32:49 16/08/2026,97,111,0
17:32:51 16/08/2026,97,111,0
17:32:53 16/08/2026,97,112,0
17:32:55 16/08/2026,97,114,0
17:32:57 16/08/2026,97,115,2
17:32:59 16/08/2026,97,116,4
17:33:01 16/08/2026,97,115,1
17:33:03 16/08/2026,97,115,1
17:33:05 16/08/2026,97,113,2
17:33:07 16/08/2026,97,112,1
17:33:09 16/08/2026,97,112,0
17:33:11 16/08/2026,97,111,0
17:33:13 16/08/2026,97,112,0
17:33:15 16/08/2026,97,112,0
17:33:17 16/08/2026,97,111,1
17:33:19 16/08/2026,97,110,0
17:33:21 16/08/2026,97,109,0
17:33:23 16/08/2026,97,108,0
17:33:25 16/08/2026,97,108,0
17:33:27 16/08/2026,97,109,0
17:33:29 16/08/2026,97,109,2
17:33:31 16/08/2026,97,109,0
17:33:33 16/08/2026,97,109,0
17:33:35 16/08/2026,97,109,0
17:33:37 16/08/2026,97,110,0
17:33:39 16/08/2026,97,110,1
17:33:41 16/08/2026,97,109,0
17:33:43 16/08/2026,97,110,0
17:33:45 16/08/2026,97,110,0
17:33:47 16/08/2026,97,110,0
17:33:49 16/08/2026,97,111,0
17:33:51 16/08/2026,97,113,0
17:33:53 16/08/2026,97,114,0
17:33:55 16/08/2026,97,114,0
17:33:57 16/08/2026,97,113,0
17:33:59 16/08/2026,97,112,0
17:34:01 16/08/2026,97,111,0
17:34:03 16/08/2026,97,109,1
17:34:05 16/08/2026,98,108,0
17:34:07 16/08/2026,97,106,0
17:34:09 16/08/2026,97,106,1
17:34:11 16/08/2026,98,106,1
17:34:13 16/08/2026,97,105,1
17:34:15 16/08/2026,98,106,1
17:34:17 16/08/2026,98,103,1
17:34:19 16/08/2026,98,102,1
17:34:21 16/08/2026,98,103,2
17:34:23 16/08/2026,98,102,3
17:34:25 16/08/2026,98,103,2
17:34:27 16/08/2026,98,103,1
17:34:29 16/08/2026,98,103,1
17:34:31 16/08/2026,98,103,1
17:34:33 16/08/2026,98,103,0
17:34:35 16/08/2026,98,103,0
17:34:37 16/08/2026,98,103,0
17:34:39 16/08/2026,98,104,0
17:34:41 16/08/2026,98,105,0
17:34:43 16/08/2026,98,106,1
17:34:45 16/08/2026,98,108,6
17:34:47 16/08/2026,97,109,1
17:34:49 16/08/2026,97,109,0
17:34:51 16/08/2026,97,109,0
17:34:53 16/08/2026,97,110,1
17:34:55 16/08/2026,97,110,3
17:34:57 16/08/2026,97,110,2
17:34:59 16/08/2026,97,110,1
17:35:01 16/08/2026,97,110,0
17:35:03 16/08/2026,97,110,0
17:35:05 16/08/2026,97,110,0
17:35:07 16/08/2026,97,111,0
17:35:09 16/08/2026,96,112,0
17:35:11 16/08/2026,96,113,0
17:35:13 16/08/2026,96,113,0
17:35:15 16/08/2026,96,112,0
17:35:17 16/08/2026,97,111,0
17:35:19 16/08/2026,97,109,1
17:35:21 16/08/2026,98,108,0
17:35:23 16/08/2026,98,109,2
17:35:25 16/08/2026,98,109,0
17:35:27 16/08/2026,97,111,1
17:35:29 16/08/2026,97,111,0
17:35:31 16/08/2026,97,111,0
17:35:33 16/08/2026,97,111,1
17:35:35 16/08/2026,97,111,0
17:35:37 16/08/2026,97,111,1
17:35:39 16/08/2026,97,110,0
17:35:41 16/08/2026,97,110,3
17:35:43 16/08/2026,97,110,1
17:35:45 16/08/2026,97,110,6
17:35:47 16/08/2026,97,110,1
17:35:49 16/08/2026,97,110,0
17:35:51 16/08/2026,97,111,2
17:35:53 16/08/2026,97,111,5
17:35:55 16/08/2026,97,112,0
17:35:57 16/08/2026,97,113,0
17:35:59 16/08/2026,97,112,3
17:36:01 16/08/2026,97,112,1
17:36:03 16/08/2026,97,111,0
17:36:05 16/08/2026,97,111,0
17:36:07 16/08/2026,97,108,0
17:36:09 16/08/2026,97,107,0
17:36:11 16/08/2026,97,104,0
17:36:13 16/08/2026,97,103,1
17:36:15 16/08/2026,97,105,1
17:36:17 16/08/2026,97,103,6
17:36:19 16/08/2026,97,105,1
17:36:21 16/08/2026,97,105,0
17:36:23 16/08/2026,97,104,4
17:36:25 16/08/2026,97,105,1
17:36:27 16/08/2026,97,105,6
17:36:29 16/08/2026,97,106,0
17:36:31 16/08/2026,97,106,0
17:36:33 16/08/2026,97,108,7
17:36:35 16/08/2026,97,108,4
17:36:37 16/08/2026,97,107,0
17:36:39 16/08/2026,97,109,4
17:36:41 16/08/2026,97,109,3
17:36:43 16/08/2026,97,110,2
17:36:45 16/08/2026,97,112,0
17:36:47 16/08/2026,97,113,0
17:36:49 16/08/2026,96,113,3
17:36:51 16/08/2026,96,114,0
17:36:53 16/08/2026,96,114,1
17:36:55 16/08/2026,96,114,2
17:36:57 16/08/2026,96,117,1
17:36:59 16/08/2026,97,119,2
17:37:01 16/08/2026,97,120,3
17:37:03 16/08/2026,97,120,8
17:37:05 16/08/2026,97,120,1
17:37:07 16/08/2026,97,119,1
17:37:09 16/08/2026,97,118,1
17:37:11 16/08/2026,96,117,0
17:37:13 16/08/2026,96,114,1
17:37:15 16/08/2026,96,113,1
17:37:17 16/08/2026,96,112,1
17:37:19 16/08/2026,97,111,1
17:37:21 16/08/2026,97,111,1
17:37:23 16/08/2026,97,111,2
17:37:25 16/08/2026,97,112,1
17:37:27 16/08/2026,97,112,1
17:37:29 16/08/2026,96,114,2
17:37:31 16/08/2026,97,115,1
17:37:33 16/08/2026,97,114,1
17:37:35 16/08/2026,97,116,2
17:37:37 16/08/2026,97,117,1
17:37:39 16/08/2026,97,118,2
17:37:41 16/08/2026,97,118,3
17:37:43 16/08/2026,97,118,0
17:37:45 16/08/2026,97,117,1
17:37:47 16/08/2026,97,117,1
17:37:49 16/08/2026,96,116,1
17:37:51 16/08/2026,96,116,1
17:37:53 16/08/2026,96,117,1
17:37:55 16/08/2026,96,117,0
17:37:57 16/08/2026,96,119,4
17:37:59 16/08/2026,96,117,2
17:38:01 16/08/2026,95,117,0
17:38:03 16/08/2026,95,116,6
17:38:05 16/08/2026,95,116,1
17:38:07 16/08/2026,96,117,0
17:38:09 16/08/2026,96,119,1
17:38:11 16/08/2026,96,120,2
17:38:13 16/08/2026,96,120,1
17:38:15 16/08/2026,96,121,0
17:38:17 16/08/2026,96,120,2
17:38:19 16/08/2026,96,121,2
17:38:21 16/08/2026,96,122,1
17:38:23 16/08/2026,95,123,1
17:38:25 16/08/2026,95,122,0
17:38:27 16/08/2026,96,120,0
17:38:29 16/08/2026,96,118,0
17:38:31 16/08/2026,97,119,1
17:38:33 16/08/2026,97,119,2
17:38:35 16/08/2026,97,119,3
17:38:37 16/08/2026,97,120,0
17:38:39 16/08/2026,97,119,1
17:38:41 16/08/2026,97,119,0
17:38:43 16/08/2026,97,119,0
17:38:45 16/08/2026,97,119,1
17:38:47 16/08/2026,97,121,0
17:38:49 16/08/2026,97,123,0
17:38:51 16/08/2026,97,124,1
17:38:53 16/08/2026,97,124,2
17:38:55 16/08/2026,96,123,3
17:38:57 16/08/2026,96,121,1
17:38:59 16/08/2026,96,120,1
17:39:01 16/08/2026,96,118,1
17:39:03 16/08/2026,96,117,4
17:39:05 16/08/2026,96,117,1
17:39:07 16/08/2026,96,116,0
17:39:09 16/08/2026,96,119,4
17:39:11 16/08/2026,96,120,1
17:39:13 16/08/2026,96,121,4
17:39:15 16/08/2026,96,122,2
17:39:17 16/08/2026,96,121,3
17:39:19 16/08/2026,96,123,1
17:39:21 16/08/2026,96,124,0
17:39:23 16/08/2026,96,122,1
17:39:25 16/08/2026,96,122,1
17:39:27 16/08/2026,96,122,1
17:39:29 16/08/2026,96,121,3
17:39:31 16/08/2026,96,121,1
17:39:33 16/08/2026,96,122,1
17:39:35 16/08/2026,96,120,1
17:39:37 16/08/2026,96,119,4
17:39:39 16/08/2026,96,118,1
17:39:41 16/08/2026,95,121,1
17:39:43 16/08/2026,96,122,2
17:39:45 16/08/2026,96,124,2
17:39:47 16/08/2026,95,123,0
17:39:49 16/08/2026,96,121,1
17:39:51 16/08/2026,96,120,1
17:39:53 16/08/2026,96,118,0
17:39:55 16/08/2026,96,120,0
17:39:57 16/08/2026,96,119,2
17:39:59 16/08/2026,96,119,1
17:40:01 16/08/2026,96,119,2
17:40:03 16/08/2026,96,118,1
17:40:05 16/08/2026,96,118,2
17:40:07 16/08/2026,96,118,2
17:40:09 16/08/2026,96,119,12
17:40:11 16/08/2026,96,119,3
17:40:13 16/08/2026,96,120,3
17:40:15 16/08/2026,96,120,2
17:40:17 16/08/2026,96,120,1
17:40:19 16/08/2026,96,120,0
17:40:21 16/08/2026,96,121,1
17:40:23 16/08/2026,96,122,2
17:40:25 16/08/2026,96,122,3
17:40:27 16/08/2026,96,123,2
17:40:29 16/08/2026,96,122,1
17:40:31 16/08/2026,96,123,3
17:40:33 16/08/2026,96,124,1
17:40:35 16/08/2026,96,124,1
17:40:37 16/08/2026,96,125,1
17:40:39 16/08/2026,96,125,3
17:40:41 16/08/2026,96,125,0
17:40:43 16/08/2026,95,125,5
17:40:45 16/08/2026,95,124,8
17:40:47 16/08/2026,95,123,9
17:40:49 16/08/2026,96,123,13
17:40:51 16/08/2026,96,121,1
17:40:53 16/08/2026,96,122,1
17:40:55 16/08/2026,96,122,2
17:40:57 16/08/2026,96,123,0
17:40:59 16/08/2026,96,124,1
17:41:01 16/08/2026,96,124,2
17:41:03 16/08/2026,96,123,3
17:41:05 16/08/2026,96,123,0
17:41:07 16/08/2026,96,123,0
17:41:09 16/08/2026,96,123,0
17:41:11 16/08/2026,96,123,0
17:41:13 16/08/2026,96,123,0
17:41:15 16/08/2026,96,123,0
17:41:17 16/08/2026,96,123,0
17:41:19 16/08/2026,96,122,0
17:41:21 16/08/2026,96,121,0
17:41:23 16/08/2026,96,120,0
17:41:25 16/08/2026,96,120,0
17:41:27 16/08/2026,96,120,0
17:41:29 16/08/2026,96,120,0
17:41:31 16/08/2026,96,122,0
17:41:33 16/08/2026,96,124,0
17:41:35 16/08/2026,96,125,0
17:41:37 16/08/2026,96,126,0
17:41:39 16/08/2026,96,125,0
17:41:41 16/08/2026,96,127,0
17:41:43 16/08/2026,97,128,0
17:41:45 16/08/2026,97,128,0
17:41:47 16/08/2026,97,128,0
17:41:49 16/08/2026,97,127,0
17:41:51 16/08/2026,97,126,0
17:41:53 16/08/2026,97,126,0
17:41:55 16/08/2026,97,127,0
17:41:57 16/08/2026,97,126,0
17:41:59 16/08/2026,97,127,0
17:42:01 16/08/2026,97,126,0
17:42:03 16/08/2026,97,125,0
17:42:05 16/08/2026,97,124,0
17:42:07 16/08/2026,97,125,0
17:42:09 16/08/2026,97,126,0
17:42:11 16/08/2026,96,128,1
17:42:13 16/08/2026,96,128,0
17:42:15 16/08/2026,96,129,13
17:42:17 16/08/2026,96,128,1
17:42:19 16/08/2026,97,127,0
17:42:21 16/08/2026,97,128,0
17:42:23 16/08/2026,97,128,0
17:42:25 16/08/2026,97,128,0
17:42:27 16/08/2026,97,128,0
17:42:29 16/08/2026,97,126,0
17:42:31 16/08/2026,96,125,1
17:42:33 16/08/2026,96,125,0
17:42:35 16/08/2026,96,126,0
17:42:37 16/08/2026,96,127,6
17:42:39 16/08/2026,96,128,1
17:42:41 16/08/2026,96,129,1
17:42:43 16/08/2026,96,129,0
17:42:45 16/08/2026,96,127,0
17:42:47 16/08/2026,96,123,0
17:42:49 16/08/2026,96,119,0
17:42:51 16/08/2026,96,118,0
17:42:53 16/08/2026,96,117,0
17:42:55 16/08/2026,96,119,0
17:42:57 16/08/2026,96,122,0
17:42:59 16/08/2026,96,124,0
17:43:01 16/08/2026,96,124,0
17:43:03 16/08/2026,96,124,1
17:43:05 16/08/2026,96,124,0
17:43:07 16/08/2026,96,124,1
17:43:09 16/08/2026,96,124,1
17:43:11 16/08/2026,96,124,0
17:43:13 16/08/2026,96,124,0
17:43:15 16/08/2026,96,125,0
17:43:17 16/08/2026,96,124,0
17:43:19 16/08/2026,96,123,0
17:43:21 16/08/2026,96,122,0
17:43:23 16/08/2026,96,121,0
17:43:25 16/08/2026,96,122,0
17:43:27 16/08/2026,96,122,1
17:43:29 16/08/2026,96,122,0
17:43:31 16/08/2026,96,123,0
17:43:33 16/08/2026,96,122,0
17:43:35 16/08/2026,96,122,1
17:43:37 16/08/2026,96,122,0
17:43:39 16/08/2026,96,122,0
17:43:41 16/08/2026,96,122,1
17:43:43 16/08/2026,96,122,1
17:43:45 16/08/2026,96,122,0
17:43:47 16/08/2026,96,121,0
17:43:49 16/08/2026,96,122,0
17:43:51 16/08/2026,96,122,1
17:43:53 16/08/2026,96,122,0
17:43:55 16/08/2026,96,122,0
17:43:57 16/08/2026,96,122,1
17:43:59 16/08/2026,96,122,3
17:44:01 16/08/2026,96,122,0
17:44:03 16/08/2026,96,119,0
17:44:05 16/08/2026,96,120,0
17:44:07 16/08/2026,96,118,0
17:44:09 16/08/2026,96,118,1
17:44:11 16/08/2026,96,120,0
17:44:13 16/08/2026,97,120,0
17:44:15 16/08/2026,97,120,0
17:44:17 16/08/2026,96,120,0
17:44:19 16/08/2026,95,121,1
17:44:21 16/08/2026,95,121,3
17:44:23 16/08/2026,95,121,5
17:44:25 16/08/2026,97,121,0
17:44:27 16/08/2026,96,119,1
17:44:29 16/08/2026,96,119,0
17:44:31 16/08/2026,96,119,0
17:44:33 16/08/2026,95,119,0
17:44:35 16/08/2026,96,119,0
17:44:37 16/08/2026,96,119,1
17:44:39 16/08/2026,96,120,0
17:44:41 16/08/2026,96,120,1
17:44:43 16/08/2026,96,122,1
17:44:45 16/08/2026,96,123,1
17:44:47 16/08/2026,96,123,0
17:44:49 16/08/2026,96,123,0
17:44:51 16/08/2026,96,123,0
17:44:53 16/08/2026,96,124,0
17:44:55 16/08/2026,96,124,0
17:44:57 16/08/2026,96,125,1
17:44:59 16/08/2026,96,126,1
17:45:01 16/08/2026,96,125,0
17:45:03 16/08/2026,96,125,0
17:45:05 16/08/2026,96,125,0
17:45:07 16/08/2026,96,125,0
17:45:09 16/08/2026,96,126,1
17:45:11 16/08/2026,96,127,0
17:45:13 16/08/2026,96,128,0
17:45:15 16/08/2026,97,128,0
17:45:17 16/08/2026,96,128,1
17:45:19 16/08/2026,96,127,0
17:45:21 16/08/2026,96,125,1
17:45:23 16/08/2026,96,124,1
17:45:25 16/08/2026,96,124,0
17:45:27 16/08/2026,96,124,0
17:45:29 16/08/2026,96,124,0
17:45:31 16/08/2026,96,124,0
17:45:33 16/08/2026,96,122,1
17:45:35 16/08/2026,96,121,2
17:45:37 16/08/2026,96,120,0
17:45:39 16/08/2026,96,119,1
17:45:41 16/08/2026,96,119,1
17:45:43 16/08/2026,97,118,0
17:45:45 16/08/2026,97,119,0
17:45:47 16/08/2026,97,119,0
17:45:49 16/08/2026,97,119,0
17:45:51 16/08/2026,96,119,3
17:45:53 16/08/2026,96,120,2
17:45:55 16/08/2026,96,122,6
17:45:57 16/08/2026,96,123,2
17:45:59 16/08/2026,96,123,0
17:46:01 16/08/2026,96,123,1
17:46:03 16/08/2026,96,121,6
17:46:05 16/08/2026,96,121,2
17:46:07 16/08/2026,96,125,13
17:46:09 16/08/2026,96,124,2
17:46:11 16/08/2026,96,125,1
17:46:13 16/08/2026,96,124,0
17:46:15 16/08/2026,96,123,0
17:46:17 16/08/2026,96,123,0
17:46:19 16/08/2026,96,123,1
17:46:21 16/08/2026,96,123,0
17:46:23 16/08/2026,96,125,0
17:46:25 16/08/2026,96,126,0
17:46:27 16/08/2026,96,126,0
17:46:29 16/08/2026,96,127,0
17:46:31 16/08/2026,96,129,0
17:46:33 16/08/2026,96,130,0
17:46:35 16/08/2026,96,130,0
17:46:37 16/08/2026,96,127,0
17:46:39 16/08/2026,96,123,0
17:46:41 16/08/2026,96,122,0
17:46:43 16/08/2026,96,123,0
17:46:45 16/08/2026,96,127,0
17:46:47 16/08/2026,96,129,0
17:46:49 16/08/2026,97,130,0
17:46:51 16/08/2026,97,131,0
17:46:53 16/08/2026,97,131,0
17:46:55 16/08/2026,96,131,0
17:46:57 16/08/2026,96,131,0
17:46:59 16/08/2026,96,131,0
17:47:01 16/08/2026,96,130,2
17:47:03 16/08/2026,96,130,1
17:47:05 16/08/2026,96,129,0
17:47:07 16/08/2026,96,129,0
17:47:09 16/08/2026,96,130,0
17:47:11 16/08/2026,96,130,0
17:47:13 16/08/2026,96,129,1
17:47:15 16/08/2026,96,129,0
17:47:17 16/08/2026,97,128,0
17:47:19 16/08/2026,97,128,0
17:47:21 16/08/2026,97,128,1
17:47:23 16/08/2026,96,129,0
17:47:25 16/08/2026,96,129,0
17:47:27 16/08/2026,97,129,0
17:47:29 16/08/2026,97,129,1
17:47:31 16/08/2026,97,129,13
17:47:33 16/08/2026,96,129,0
17:47:35 16/08/2026,96,129,0
17:47:37 16/08/2026,96,129,0
17:47:39 16/08/2026,96,128,2
17:47:41 16/08/2026,96,127,2
17:47:43 16/08/2026,96,125,0
17:47:45 16/08/2026,96,124,14
17:47:47 16/08/2026,96,123,1
17:47:49 16/08/2026,96,123,0
17:47:51 16/08/2026,96,124,0
17:47:53 16/08/2026,96,124,2
17:47:55 16/08/2026,96,124,0
17:47:57 16/08/2026,96,125,0
17:47:59 16/08/2026,96,124,0
17:48:01 16/08/2026,96,124,0
17:48:03 16/08/2026,96,124,1
17:48:05 16/08/2026,96,123,1
17:48:07 16/08/2026,96,123,3
17:48:09 16/08/2026,95,123,1
17:48:11 16/08/2026,95,123,0
17:48:13 16/08/2026,95,123,0
17:48:15 16/08/2026,95,123,1
17:48:17 16/08/2026,95,123,0
17:48:19 16/08/2026,95,125,2
17:48:21 16/08/2026,95,127,0
17:48:23 16/08/2026,96,128,1
17:48:25 16/08/2026,96,128,0
17:48:27 16/08/2026,96,126,2
17:48:29 16/08/2026,96,125,4
17:48:31 16/08/2026,96,124,0
17:48:33 16/08/2026,96,123,0
17:48:35 16/08/2026,96,124,0
17:48:37 16/08/2026,96,125,0
17:48:39 16/08/2026,96,127,1
17:48:41 16/08/2026,96,129,0
17:48:43 16/08/2026,96,129,0
17:48:45 16/08/2026,96,129,1
17:48:47 16/08/2026,96,129,0
17:48:49 16/08/2026,96,129,0
17:48:51 16/08/2026,96,130,0
17:48:53 16/08/2026,96,131,0
17:48:55 16/08/2026,96,132,0
17:48:57 16/08/2026,96,132,0
17:48:59 16/08/2026,96,132,2
17:49:01 16/08/2026,96,132,1
17:49:03 16/08/2026,96,131,0
17:49:05 16/08/2026,96,130,0
17:49:07 16/08/2026,96,129,0
17:49:09 16/08/2026,96,128,1
17:49:11 16/08/2026,96,128,0
17:49:13 16/08/2026,96,129,0
17:49:15 16/08/2026,96,129,1
17:49:17 16/08/2026,96,129,2
17:49:19 16/08/2026,96,128,0
17:49:21 16/08/2026,96,127,0
17:49:23 16/08/2026,96,127,1
17:49:25 16/08/2026,96,127,2
17:49:27 16/08/2026,96,128,0
17:49:29 16/08/2026,96,130,0
17:49:31 16/08/2026,96,131,0
17:49:33 16/08/2026,96,132,4
17:49:35 16/08/2026,96,133,0
17:49:37 16/08/2026,96,131,0
17:49:39 16/08/2026,96,133,0
17:49:41 16/08/2026,96,133,0
17:49:43 16/08/2026,96,132,0
17:49:45 16/08/2026,96,132,3
17:49:47 16/08/2026,96,132,1
17:49:49 16/08/2026,96,131,0
17:49:51 16/08/2026,96,131,0
17:49:53 16/08/2026,96,132,1
17:49:55 16/08/2026,96,134,2
17:49:57 16/08/2026,96,136,1
17:49:59 16/08/2026,96,137,3
17:50:01 16/08/2026,96,137,10
17:50:03 16/08/2026,96,137,4
17:50:05 16/08/2026,96,137,0
17:50:07 16/08/2026,96,136,1
17:50:09 16/08/2026,96,136,0
17:50:11 16/08/2026,96,135,0
17:50:13 16/08/2026,96,134,11
17:50:15 16/08/2026,96,133,0
17:50:17 16/08/2026,96,132,0
17:50:19 16/08/2026,96,132,0
17:50:21 16/08/2026,96,132,18
17:50:23 16/08/2026,96,131,5
17:50:25 16/08/2026,96,132,0
17:50:27 16/08/2026,96,131,0
17:50:29 16/08/2026,96,130,0
17:50:31 16/08/2026,96,130,78
17:50:33 16/08/2026,96,130,14
17:50:35 16/08/2026,96,129,30
17:50:37 16/08/2026,96,130,22
17:50:39 16/08/2026,96,129,3
17:50:41 16/08/2026,96,127,6
17:50:43 16/08/2026,96,127,2
17:50:45 16/08/2026,96,127,2
17:50:47 16/08/2026,96,127,12
17:50:49 16/08/2026,96,127,25
17:50:51 16/08/2026,96,127,7
17:50:53 16/08/2026,96,126,1
17:50:55 16/08/2026,96,126,0
17:50:57 16/08/2026,96,125,9
17:50:59 16/08/2026,96,126,9
17:51:01 16/08/2026,96,127,1
17:51:03 16/08/2026,96,126,26
17:51:05 16/08/2026,96,126,1
17:51:07 16/08/2026,96,130,0
17:51:09 16/08/2026,96,130,0
17:51:11 16/08/2026,96,129,0
17:51:13 16/08/2026,96,130,1
17:51:15 16/08/2026,96,127,0
17:51:17 16/08/2026,96,124,0
17:51:19 16/08/2026,96,122,0
17:51:21 16/08/2026,96,120,0
17:51:23 16/08/2026,96,120,0
17:51:25 16/08/2026,96,121,1
17:51:27 16/08/2026,96,121,0
17:51:29 16/08/2026,96,121,0
17:51:31 16/08/2026,96,121,0
17:51:33 16/08/2026,96,121,0
17:51:35 16/08/2026,96,121,0
17:51:37 16/08/2026,96,123,0
17:51:39 16/08/2026,96,123,0
17:51:41 16/08/2026,96,124,0
17:51:43 16/08/2026,96,123,0
17:51:45 16/08/2026,97,123,0
17:51:47 16/08/2026,97,122,0
17:51:49 16/08/2026,97,121,1
17:51:51 16/08/2026,96,121,0
17:51:53 16/08/2026,96,121,0
17:51:55 16/08/2026,96,121,2
17:51:57 16/08/2026,96,121,0
17:51:59 16/08/2026,96,121,0
17:52:01 16/08/2026,96,120,0
17:52:03 16/08/2026,96,120,0
17:52:05 16/08/2026,96,120,0
17:52:07 16/08/2026,96,120,0
17:52:09 16/08/2026,96,120,0
17:52:11 16/08/2026,96,119,1
17:52:13 16/08/2026,96,119,0
17:52:15 16/08/2026,96,119,1
17:52:17 16/08/2026,96,120,0
17:52:19 16/08/2026,96,120,0
17:52:21 16/08/2026,96,120,1
17:52:23 16/08/2026,96,120,0
17:52:25 16/08/2026,96,121,0
17:52:27 16/08/2026,96,121,0
17:52:29 16/08/2026,96,122,0
17:52:31 16/08/2026,96,121,1
17:52:33 16/08/2026,96,121,0
17:52:35 16/08/2026,96,120,0
17:52:37 16/08/2026,96,120,0
17:52:39 16/08/2026,96,121,0
17:52:41 16/08/2026,96,121,0
17:52:43 16/08/2026,96,121,0
17:52:45 16/08/2026,96,120,0
17:52:47 16/08/2026,96,120,1
17:52:49 16/08/2026,96,119,0
17:52:51 16/08/2026,96,121,0
17:52:53 16/08/2026,96,121,1
17:52:55 16/08/2026,96,122,1
17:52:57 16/08/2026,96,123,1
17:52:59 16/08/2026,96,123,1
17:53:01 16/08/2026,96,123,0
17:53:03 16/08/2026,96,124,0
17:53:05 16/08/2026,96,125,0
17:53:07 16/08/2026,96,125,0
17:53:09 16/08/2026,96,126,0
17:53:11 16/08/2026,96,126,0
17:53:13 16/08/2026,96,125,1
17:53:15 16/08/2026,96,125,2
17:53:17 16/08/2026,96,124,1
17:53:19 16/08/2026,96,124,0
17:53:21 16/08/2026,96,124,1
17:53:23 16/08/2026,96,124,0
17:53:25 16/08/2026,96,123,1
17:53:27 16/08/2026,96,122,1
17:53:29 16/08/2026,96,122,2
17:53:31 16/08/2026,96,122,0
17:53:33 16/08/2026,96,122,0
17:53:35 16/08/2026,96,122,1
17:53:37 16/08/2026,96,122,0
17:53:39 16/08/2026,96,122,1
17:53:41 16/08/2026,96,122,0
17:53:43 16/08/2026,96,122,0
17:53:45 16/08/2026,96,121,1
17:53:47 16/08/2026,96,121,0
17:53:49 16/08/2026,96,121,0
17:53:51 16/08/2026,97,121,0
17:53:53 16/08/2026,97,120,0
17:53:55 16/08/2026,97,120,0
17:53:57 16/08/2026,96,120,0
17:53:59 16/08/2026,96,120,0
17:54:01 16/08/2026,96,120,0
17:54:03 16/08/2026,96,121,0
17:54:05 16/08/2026,96,121,0
17:54:07 16/08/2026,96,121,1
17:54:09 16/08/2026,96,121,0
17:54:11 16/08/2026,96,121,0
17:54:13 16/08/2026,96,121,0
17:54:15 16/08/2026,96,121,0
17:54:17 16/08/2026,96,120,0
17:54:19 16/08/2026,96,120,0
17:54:21 16/08/2026,96,120,0
17:54:23 16/08/2026,96,121,1
17:54:25 16/08/2026,96,121,1
17:54:27 16/08/2026,96,121,1
17:54:29 16/08/2026,96,121,0
17:54:31 16/08/2026,96,121,0
17:54:33 16/08/2026,96,121,0
17:54:35 16/08/2026,96,121,0
17:54:37 16/08/2026,96,121,0
17:54:39 16/08/2026,96,121,0
17:54:41 16/08/2026,96,121,12
17:54:43 16/08/2026,96,121,5
17:54:45 16/08/2026,96,121,6
17:54:47 16/08/2026,96,121,10
17:54:49 16/08/2026,96,121,5
17:54:51 16/08/2026,96,121,0
17:54:53 16/08/2026,96,122,0
17:54:55 16/08/2026,96,124,0
17:54:57 16/08/2026,96,125,2
17:54:59 16/08/2026,96,126,1
17:55:01 16/08/2026,96,126,2
17:55:03 16/08/2026,96,126,2
17:55:05 16/08/2026,96,126,2
17:55:07 16/08/2026,96,126,1
17:55:09 16/08/2026,96,123,2
17:55:11 16/08/2026,96,122,3
17:55:13 16/08/2026,95,120,0
17:55:15 16/08/2026,95,118,2
17:55:17 16/08/2026,95,120,1
17:55:19 16/08/2026,95,120,0
17:55:21 16/08/2026,96,119,1
17:55:23 16/08/2026,96,120,2
17:55:25 16/08/2026,96,120,2
17:55:27 16/08/2026,96,119,0
17:55:29 16/08/2026,95,120,1
17:55:31 16/08/2026,96,121,0
17:55:33 16/08/2026,96,121,1
17:55:35 16/08/2026,96,122,1
17:55:37 16/08/2026,96,122,0
17:55:39 16/08/2026,96,122,0
17:55:41 16/08/2026,96,122,0
17:55:43 16/08/2026,96,122,0
17:55:45 16/08/2026,97,121,0
17:55:47 16/08/2026,97,119,0
17:55:49 16/08/2026,96,118,0
17:55:51 16/08/2026,96,118,0
17:55:53 16/08/2026,96,116,0
17:55:55 16/08/2026,96,116,1
17:55:57 16/08/2026,96,117,0
17:55:59 16/08/2026,96,115,1
17:56:01 16/08/2026,96,116,2
17:56:03 16/08/2026,96,117,0
17:56:05 16/08/2026,96,118,0
17:56:07 16/08/2026,96,118,0
17:56:09 16/08/2026,95,118,0
17:56:11 16/08/2026,95,118,1
17:56:13 16/08/2026,96,118,2
17:56:15 16/08/2026,96,118,19
17:56:17 16/08/2026,96,117,0
17:56:19 16/08/2026,96,117,10
17:56:21 16/08/2026,96,117,7
17:56:23 16/08/2026,96,117,6
17:56:25 16/08/2026,96,119,6
17:56:27 16/08/2026,96,121,3
17:56:29 16/08/2026,96,124,15
17:56:31 16/08/2026,96,124,3
17:56:33 16/08/2026,96,123,2
17:56:35 16/08/2026,96,122,18
17:56:37 16/08/2026,96,119,0
17:56:39 16/08/2026,96,119,0
17:56:41 16/08/2026,96,119,4
17:56:43 16/08/2026,96,118,0
17:56:45 16/08/2026,96,119,0
17:56:47 16/08/2026,96,118,0
17:56:49 16/08/2026,96,120,1
17:56:51 16/08/2026,96,122,0
17:56:53 16/08/2026,96,123,0
17:56:55 16/08/2026,96,124,0
17:56:57 16/08/2026,96,123,0
17:56:59 16/08/2026,96,123,0
17:57:01 16/08/2026,96,125,2
17:57:03 16/08/2026,96,126,1
17:57:05 16/08/2026,96,127,0
17:57:07 16/08/2026,96,128,1
17:57:09 16/08/2026,96,128,0
17:57:11 16/08/2026,96,128,1
17:57:13 16/08/2026,96,128,0
17:57:15 16/08/2026,96,128,0
17:57:17 16/08/2026,96,127,1
17:57:19 16/08/2026,97,126,0
17:57:21 16/08/2026,96,126,1
17:57:23 16/08/2026,96,127,1
17:57:25 16/08/2026,96,128,0
17:57:27 16/08/2026,96,128,1
17:57:29 16/08/2026,96,127,0
17:57:31 16/08/2026,96,127,1
17:57:33 16/08/2026,96,127,1
17:57:35 16/08/2026,96,127,0
17:57:37 16/08/2026,97,128,0
17:57:39 16/08/2026,97,128,0
17:57:41 16/08/2026,97,127,1
17:57:43 16/08/2026,97,127,0
17:57:45 16/08/2026,97,127,0
17:57:47 16/08/2026,97,128,0
17:57:49 16/08/2026,97,128,0
17:57:51 16/08/2026,97,130,0
17:57:53 16/08/2026,97,132,1
17:57:55 16/08/2026,97,133,0
17:57:57 16/08/2026,97,134,0
17:57:59 16/08/2026,96,133,0
17:58:01 16/08/2026,96,132,0
17:58:03 16/08/2026,96,132,0
17:58:05 16/08/2026,96,133,0
17:58:07 16/08/2026,97,134,0
17:58:09 16/08/2026,97,134,0
17:58:11 16/08/2026,97,132,0
17:58:13 16/08/2026,97,132,0
17:58:15 16/08/2026,97,131,0
17:58:17 16/08/2026,97,131,2
17:58:19 16/08/2026,97,131,0
17:58:21 16/08/2026,97,131,0
17:58:23 16/08/2026,97,131,0
17:58:25 16/08/2026,97,131,0
17:58:27 16/08/2026,97,132,1
17:58:29 16/08/2026,97,132,0
17:58:31 16/08/2026,97,133,2
17:58:33 16/08/2026,97,134,0
17:58:35 16/08/2026,97,135,0
17:58:37 16/08/2026,97,135,0
17:58:39 16/08/2026,97,136,0
17:58:41 16/08/2026,97,137,0
17:58:43 16/08/2026,97,138,0
17:58:45 16/08/2026,97,138,1
17:58:47 16/08/2026,97,138,0
17:58:49 16/08/2026,97,138,5
17:58:51 16/08/2026,96,138,3
17:58:53 16/08/2026,96,137,0
17:58:55 16/08/2026,96,136,0
17:58:57 16/08/2026,97,136,0
17:58:59 16/08/2026,97,135,0
17:59:01 16/08/2026,97,135,6
17:59:03 16/08/2026,97,135,2
17:59:05 16/08/2026,97,134,0
17:59:07 16/08/2026,97,134,0
17:59:09 16/08/2026,97,134,1
17:59:11 16/08/2026,97,135,0
17:59:13 16/08/2026,97,135,0
17:59:15 16/08/2026,97,135,0
17:59:17 16/08/2026,97,134,0
17:59:19 16/08/2026,97,133,0
17:59:21 16/08/2026,97,132,0
17:59:23 16/08/2026,97,131,0
17:59:25 16/08/2026,97,131,3
17:59:27 16/08/2026,97,131,1
17:59:29 16/08/2026,97,131,1
17:59:31 16/08/2026,97,132,0
17:59:33 16/08/2026,97,132,0
17:59:35 16/08/2026,97,132,1
17:59:37 16/08/2026,97,133,0
17:59:39 16/08/2026,97,132,0
17:59:41 16/08/2026,97,133,0
17:59:43 16/08/2026,97,134,0
17:59:45 16/08/2026,97,134,0
17:59:47 16/08/2026,97,134,0
17:59:49 16/08/2026,97,133,0
17:59:51 16/08/2026,97,132,0
17:59:53 16/08/2026,97,130,0
17:59:55 16/08/2026,97,129,2
17:59:57 16/08/2026,97,129,0
17:59:59 16/08/2026,97,129,0
18:00:01 16/08/2026,97,129,0
18:00:03 16/08/2026,97,129,0
18:00:05 16/08/2026,97,128,0
18:00:07 16/08/2026,97,127,0
18:00:09 16/08/2026,97,128,0
18:00:11 16/08/2026,97,130,0
18:00:13 16/08/2026,97,131,1
18:00:15 16/08/2026,97,131,0
18:00:17 16/08/2026,97,131,0
18:00:19 16/08/2026,97,130,0
18:00:21 16/08/2026,97,130,0
18:00:23 16/08/2026,97,131,0
18:00:25 16/08/2026,97,133,0
18:00:27 16/08/2026,97,134,0
18:00:29 16/08/2026,96,134,0
18:00:31 16/08/2026,96,133,0
18:00:33 16/08/2026,96,132,0
18:00:35 16/08/2026,96,132,1
18:00:37 16/08/2026,96,132,0
18:00:39 16/08/2026,97,133,0
18:00:41 16/08/2026,97,134,1
18:00:43 16/08/2026,97,134,4
18:00:45 16/08/2026,97,134,1
18:00:47 16/08/2026,96,134,0
18:00:49 16/08/2026,96,133,0
18:00:51 16/08/2026,96,132,0
18:00:53 16/08/2026,96,132,1
18:00:55 16/08/2026,96,132,1
18:00:57 16/08/2026,96,132,1
18:00:59 16/08/2026,96,133,1
18:01:01 16/08/2026,96,132,1
18:01:03 16/08/2026,96,132,0
18:01:05 16/08/2026,97,132,0
18:01:07 16/08/2026,97,132,0
18:01:09 16/08/2026,96,132,0
18:01:11 16/08/2026,96,133,1
18:01:13 16/08/2026,96,132,0
18:01:15 16/08/2026,97,132,0
18:01:17 16/08/2026,97,132,1
18:01:19 16/08/2026,97,132,0
18:01:21 16/08/2026,96,132,0
18:01:23 16/08/2026,96,132,1
18:01:25 16/08/2026,96,132,2
18:01:27 16/08/2026,96,132,0
18:01:29 16/08/2026,96,132,0
18:01:31 16/08/2026,96,132,0
18:01:33 16/08/2026,96,133,0
18:01:35 16/08/2026,96,135,4
18:01:37 16/08/2026,97,135,0
18:01:39 16/08/2026,97,135,0
18:01:41 16/08/2026,97,134,4
18:01:43 16/08/2026,96,134,1
18:01:45 16/08/2026,96,135,0
18:01:47 16/08/2026,96,135,0
18:01:49 16/08/2026,96,135,0
18:01:51 16/08/2026,96,134,0
18:01:53 16/08/2026,96,135,0
18:01:55 16/08/2026,97,135,0
18:01:57 16/08/2026,97,135,0
18:01:59 16/08/2026,97,134,0
18:02:01 16/08/2026,97,133,0
18:02:03 16/08/2026,97,131,0
18:02:05 16/08/2026,97,130,1
18:02:07 16/08/2026,97,131,0
18:02:09 16/08/2026,97,131,0
18:02:11 16/08/2026,97,132,1
18:02:13 16/08/2026,97,133,0
18:02:15 16/08/2026,97,134,0
18:02:17 16/08/2026,97,135,0
18:02:19 16/08/2026,97,135,0
18:02:21 16/08/2026,97,135,0
18:02:23 16/08/2026,97,135,0
18:02:25 16/08/2026,97,135,0
18:02:27 16/08/2026,97,136,0
18:02:29 16/08/2026,97,135,1
18:02:31 16/08/2026,97,135,1
18:02:33 16/08/2026,97,134,0
18:02:35 16/08/2026,97,134,0
18:02:37 16/08/2026,97,133,0
18:02:39 16/08/2026,97,132,5
18:02:41 16/08/2026,97,132,15
18:02:43 16/08/2026,97,132,18
18:02:45 16/08/2026,97,132,14
18:02:47 16/08/2026,97,132,6
18:02:49 16/08/2026,97,132,7
18:02:51 16/08/2026,97,132,22
18:02:53 16/08/2026,97,133,29
18:02:55 16/08/2026,97,132,6
18:02:57 16/08/2026,97,131,8
18:02:59 16/08/2026,97,132,0
18:03:01 16/08/2026,97,131,0
18:03:03 16/08/2026,97,129,0
18:03:05 16/08/2026,97,128,0
18:03:07 16/08/2026,97,125,0
18:03:09 16/08/2026,97,124,0
18:03:11 16/08/2026,97,125,0
18:03:13 16/08/2026,97,126,0
18:03:15 16/08/2026,97,128,1
18:03:17 16/08/2026,97,128,0
18:03:19 16/08/2026,97,129,1
18:03:21 16/08/2026,97,129,1
18:03:23 16/08/2026,97,129,0
18:03:25 16/08/2026,96,128,0
18:03:27 16/08/2026,96,127,1
18:03:29 16/08/2026,96,125,0
18:03:31 16/08/2026,97,124,4
18:03:33 16/08/2026,97,124,0
18:03:35 16/08/2026,97,124,1
18:03:37 16/08/2026,97,124,1
18:03:39 16/08/2026,97,124,0
18:03:41 16/08/2026,97,124,1
18:03:43 16/08/2026,97,126,1
18:03:45 16/08/2026,97,127,1
18:03:47 16/08/2026,97,127,1
18:03:49 16/08/2026,97,127,1
18:03:51 16/08/2026,97,126,2
18:03:53 16/08/2026,97,126,0
18:03:55 16/08/2026,97,126,0
18:03:57 16/08/2026,97,126,1
18:03:59 16/08/2026,97,126,0
18:04:01 16/08/2026,97,127,0
18:04:03 16/08/2026,97,126,1
18:04:05 16/08/2026,97,126,1
18:04:07 16/08/2026,97,125,6
18:04:09 16/08/2026,97,123,0
18:04:11 16/08/2026,97,123,0
18:04:13 16/08/2026,97,124,0
18:04:15 16/08/2026,97,125,0
18:04:17 16/08/2026,97,126,0
18:04:19 16/08/2026,96,127,0
18:04:21 16/08/2026,97,127,1
18:04:23 16/08/2026,97,127,28
18:04:25 16/08/2026,97,126,5
18:04:27 16/08/2026,96,125,1
18:04:29 16/08/2026,96,125,0
18:04:31 16/08/2026,95,125,5
18:04:33 16/08/2026,95,126,0
18:04:35 16/08/2026,96,125,1
18:04:37 16/08/2026,96,125,2
18:04:39 16/08/2026,96,125,0
18:04:41 16/08/2026,96,124,0
18:04:43 16/08/2026,96,124,2
18:04:45 16/08/2026,96,124,2
18:04:47 16/08/2026,95,124,0
18:04:49 16/08/2026,95,123,1
18:04:51 16/08/2026,95,122,2
18:04:53 16/08/2026,95,121,0
18:04:55 16/08/2026,95,121,0
18:04:57 16/08/2026,95,122,3
18:04:59 16/08/2026,95,122,1
18:05:01 16/08/2026,95,122,1
18:05:03 16/08/2026,95,122,1
18:05:05 16/08/2026,95,121,0
18:05:07 16/08/2026,96,120,0
18:05:09 16/08/2026,96,121,0
18:05:11 16/08/2026,96,120,0
18:05:13 16/08/2026,96,120,1
18:05:15 16/08/2026,96,120,0
18:05:17 16/08/2026,96,120,0
18:05:19 16/08/2026,96,119,0
18:05:21 16/08/2026,96,120,0
18:05:23 16/08/2026,96,121,0
18:05:25 16/08/2026,96,121,0
18:05:27 16/08/2026,96,121,0
18:05:29 16/08/2026,96,121,0
18:05:31 16/08/2026,97,121,0
18:05:33 16/08/2026,97,121,0
18:05:35 16/08/2026,96,121,0
18:05:37 16/08/2026,96,121,3
18:05:39 16/08/2026,96,121,2
18:05:41 16/08/2026,96,121,2
18:05:43 16/08/2026,96,120,0
18:05:45 16/08/2026,96,120,0
18:05:47 16/08/2026,96,120,0
18:05:49 16/08/2026,96,119,8
18:05:51 16/08/2026,96,118,1
18:05:53 16/08/2026,96,117,1
18:05:55 16/08/2026,96,118,2
18:05:57 16/08/2026,96,117,0
18:05:59 16/08/2026,96,120,1
18:06:01 16/08/2026,96,120,0
18:06:03 16/08/2026,96,118,0
18:06:05 16/08/2026,96,119,0
18:06:07 16/08/2026,96,116,0
18:06:09 16/08/2026,96,116,0
18:06:11 16/08/2026,96,116,0
18:06:13 16/08/2026,96,116,0
18:06:15 16/08/2026,96,116,0
18:06:17 16/08/2026,96,116,2
18:06:19 16/08/2026,96,116,1
18:06:21 16/08/2026,96,116,2
18:06:23 16/08/2026,96,116,1
18:06:25 16/08/2026,96,117,1
18:06:27 16/08/2026,96,117,3
18:06:29 16/08/2026,96,117,1
18:06:31 16/08/2026,96,116,0
18:06:33 16/08/2026,96,115,2
18:06:35 16/08/2026,96,115,2
18:06:37 16/08/2026,96,113,5
18:06:39 16/08/2026,96,115,1
18:06:41 16/08/2026,96,114,100
18:06:43 16/08/2026,96,114,0
18:06:45 16/08/2026,96,115,6
18:06:47 16/08/2026,96,116,1
18:06:49 16/08/2026,96,117,0
18:06:51 16/08/2026,96,119,0
18:06:53 16/08/2026,97,120,29
18:06:55 16/08/2026,97,123,1
18:06:57 16/08/2026,97,125,0
18:06:59 16/08/2026,97,125,0
18:07:01 16/08/2026,97,126,0
18:07:03 16/08/2026,97,126,0
18:07:05 16/08/2026,97,126,0
18:07:07 16/08/2026,97,126,0
18:07:09 16/08/2026,97,127,0
18:07:11 16/08/2026,97,127,0
18:07:13 16/08/2026,97,128,0
18:07:15 16/08/2026,97,128,2
18:07:17 16/08/2026,97,127,0
18:07:19 16/08/2026,97,125,0
18:07:21 16/08/2026,97,126,0
18:07:23 16/08/2026,97,127,2
18:07:25 16/08/2026,97,128,0
18:07:27 16/08/2026,97,129,1
18:07:29 16/08/2026,97,128,0
18:07:31 16/08/2026,97,127,16
18:07:33 16/08/2026,97,128,31
18:07:35 16/08/2026,97,128,14
18:07:37 16/08/2026,97,129,10
18:07:39 16/08/2026,97,129,9
18:07:41 16/08/2026,97,129,2
18:07:43 16/08/2026,97,129,0
18:07:45 16/08/2026,97,129,0
18:07:47 16/08/2026,97,129,0
18:07:49 16/08/2026,97,129,0
18:07:51 16/08/2026,96,128,4
18:07:53 16/08/2026,96,126,2
18:07:55 16/08/2026,96,125,1
18:07:57 16/08/2026,96,124,0
18:07:59 16/08/2026,96,124,0
18:08:01 16/08/2026,96,123,0
18:08:03 16/08/2026,96,123,0
18:08:05 16/08/2026,95,122,1
18:08:07 16/08/2026,96,123,1
18:08:09 16/08/2026,96,123,1
18:08:11 16/08/2026,96,123,2
18:08:13 16/08/2026,95,123,1
18:08:15 16/08/2026,95,123,1
18:08:17 16/08/2026,94,123,1
18:08:19 16/08/2026,94,122,1
18:08:21 16/08/2026,95,123,2
18:08:23 16/08/2026,96,123,2
18:08:25 16/08/2026,96,123,3
18:08:27 16/08/2026,96,123,3
18:08:29 16/08/2026,96,124,1
18:08:31 16/08/2026,95,123,3
18:08:33 16/08/2026,95,123,1
18:08:35 16/08/2026,95,124,3
18:08:37 16/08/2026,95,123,2
18:08:39 16/08/2026,95,123,3
18:08:41 16/08/2026,95,123,3
18:08:43 16/08/2026,95,123,1
18:08:45 16/08/2026,95,123,0
18:08:47 16/08/2026,95,123,1
18:08:49 16/08/2026,95,123,1
18:08:51 16/08/2026,96,124,0
18:08:53 16/08/2026,96,125,0
18:08:55 16/08/2026,96,126,2
18:08:57 16/08/2026,97,126,3
18:08:59 16/08/2026,96,126,0
18:09:01 16/08/2026,96,125,3
18:09:03 16/08/2026,95,124,2
18:09:05 16/08/2026,95,124,2
18:09:07 16/08/2026,95,123,4
18:09:09 16/08/2026,95,123,2
18:09:11 16/08/2026,95,123,2
18:09:13 16/08/2026,95,123,0
18:09:15 16/08/2026,96,124,1
18:09:17 16/08/2026,96,126,1
18:09:19 16/08/2026,95,124,2
18:09:21 16/08/2026,95,124,1
18:09:23 16/08/2026,96,123,6
18:09:25 16/08/2026,96,123,2
18:09:27 16/08/2026,96,124,2
18:09:29 16/08/2026,96,124,1
18:09:31 16/08/2026,96,124,1
18:09:33 16/08/2026,96,124,0
18:09:35 16/08/2026,96,125,0
18:09:37 16/08/2026,96,126,1
18:09:39 16/08/2026,96,125,1
18:09:41 16/08/2026,96,126,3
18:09:43 16/08/2026,96,124,1
18:09:45 16/08/2026,96,124,1
18:09:47 16/08/2026,96,124,77
18:09:49 16/08/2026,96,124,6
18:09:51 16/08/2026,96,124,2
18:09:53 16/08/2026,96,125,1
18:09:55 16/08/2026,96,126,1
18:09:57 16/08/2026,96,127,5
18:09:59 16/08/2026,97,127,2
18:10:01 16/08/2026,97,127,3
18:10:03 16/08/2026,97,127,1
18:10:05 16/08/2026,97,127,1
18:10:07 16/08/2026,97,127,2
18:10:09 16/08/2026,96,127,1
18:10:11 16/08/2026,95,127,2
18:10:13 16/08/2026,95,127,2
18:10:15 16/08/2026,95,127,1
18:10:17 16/08/2026,95,125,1
18:10:19 16/08/2026,95,126,2
18:10:21 16/08/2026,95,125,1
18:10:23 16/08/2026,96,125,0
18:10:25 16/08/2026,96,125,1
18:10:27 16/08/2026,95,124,2
18:10:29 16/08/2026,95,124,16
18:10:31 16/08/2026,95,124,21
18:10:33 16/08/2026,95,124,5
18:10:35 16/08/2026,95,123,0
18:10:37 16/08/2026,95,125,0
18:10:39 16/08/2026,96,125,0
18:10:41 16/08/2026,97,125,2
18:10:43 16/08/2026,97,124,3
18:10:45 16/08/2026,97,124,1
18:10:47 16/08/2026,97,125,0
18:10:49 16/08/2026,97,126,1
18:10:51 16/08/2026,97,127,0
18:10:53 16/08/2026,97,127,0
18:10:55 16/08/2026,97,128,0
18:10:57 16/08/2026,97,129,1
18:10:59 16/08/2026,97,129,0
18:11:01 16/08/2026,97,129,0
18:11:03 16/08/2026,97,128,1
18:11:05 16/08/2026,97,128,1
18:11:07 16/08/2026,97,129,2
18:11:09 16/08/2026,97,129,0
18:11:11 16/08/2026,97,131,1
18:11:13 16/08/2026,97,132,4
18:11:15 16/08/2026,97,133,0
18:11:17 16/08/2026,97,134,0
18:11:19 16/08/2026,97,134,0
18:11:21 16/08/2026,97,133,0
18:11:23 16/08/2026,97,133,0
18:11:25 16/08/2026,97,133,0
18:11:27 16/08/2026,97,135,0
18:11:29 16/08/2026,97,135,0
18:11:31 16/08/2026,96,133,4
18:11:33 16/08/2026,96,133,0
18:11:35 16/08/2026,96,132,0
18:11:37 16/08/2026,97,133,0
18:11:39 16/08/2026,97,134,0
18:11:41 16/08/2026,97,134,1
18:11:43 16/08/2026,97,133,0
18:11:45 16/08/2026,97,132,0
18:11:47 16/08/2026,97,132,24
18:11:49 16/08/2026,97,131,4
18:11:51 16/08/2026,97,131,5
18:11:53 16/08/2026,97,133,0
18:11:55 16/08/2026,97,133,0
18:11:57 16/08/2026,97,135,0
18:11:59 16/08/2026,97,134,2
18:12:01 16/08/2026,97,131,0
18:12:03 16/08/2026,97,130,4
18:12:05 16/08/2026,97,129,1
18:12:07 16/08/2026,97,129,3
18:12:09 16/08/2026,97,130,4
18:12:11 16/08/2026,97,131,0
18:12:13 16/08/2026,97,132,0
18:12:15 16/08/2026,97,133,0
18:12:17 16/08/2026,97,133,1
18:12:19 16/08/2026,96,133,0
18:12:21 16/08/2026,96,133,3
18:12:23 16/08/2026,96,132,3
18:12:25 16/08/2026,96,131,1
18:12:27 16/08/2026,96,131,0
18:12:29 16/08/2026,96,130,0
18:12:31 16/08/2026,96,130,0
18:12:33 16/08/2026,96,129,2
18:12:35 16/08/2026,96,129,1
18:12:37 16/08/2026,96,127,0
18:12:39 16/08/2026,96,126,5
18:12:41 16/08/2026,96,126,0
18:12:43 16/08/2026,96,127,1
18:12:45 16/08/2026,96,127,1
18:12:47 16/08/2026,96,127,0
18:12:49 16/08/2026,96,126,1
18:12:51 16/08/2026,97,126,0
18:12:53 16/08/2026,97,126,1
18:12:55 16/08/2026,97,127,0
18:12:57 16/08/2026,97,128,0
18:12:59 16/08/2026,97,130,1
18:13:01 16/08/2026,97,130,0
18:13:03 16/08/2026,97,130,0
18:13:05 16/08/2026,96,129,0
18:13:07 16/08/2026,95,128,0
18:13:09 16/08/2026,95,128,0
18:13:11 16/08/2026,96,127,0
18:13:13 16/08/2026,96,128,1
18:13:15 16/08/2026,96,128,0
18:13:17 16/08/2026,96,129,1
18:13:19 16/08/2026,96,129,0
18:13:21 16/08/2026,96,129,2
18:13:23 16/08/2026,96,129,5
18:13:25 16/08/2026,96,128,52
18:13:27 16/08/2026,96,128,59
18:13:29 16/08/2026,96,128,0
18:13:31 16/08/2026,96,128,0
18:13:33 16/08/2026,96,130,7
18:13:35 16/08/2026,96,132,4
18:13:37 16/08/2026,96,131,1
18:13:39 16/08/2026,96,133,0
18:13:41 16/08/2026,96,132,0
18:13:43 16/08/2026,96,131,0
18:13:45 16/08/2026,97,133,47
18:13:47 16/08/2026,97,133,2
18:13:49 16/08/2026,97,132,0
18:13:51 16/08/2026,97,132,0
18:13:53 16/08/2026,97,132,0
18:13:55 16/08/2026,97,131,0
18:13:57 16/08/2026,97,131,1
18:13:59 16/08/2026,97,130,1
18:14:01 16/08/2026,97,129,0
18:14:03 16/08/2026,97,128,0
18:14:05 16/08/2026,97,128,0
18:14:07 16/08/2026,98,127,0
18:14:09 16/08/2026,98,127,2
18:14:11 16/08/2026,98,128,0
18:14:13 16/08/2026,98,129,1
18:14:15 16/08/2026,98,132,1
18:14:17 16/08/2026,98,133,0
18:14:19 16/08/2026,98,131,0
18:14:21 16/08/2026,98,129,1
18:14:23 16/08/2026,97,127,0
18:14:25 16/08/2026,97,126,4
18:14:27 16/08/2026,97,126,0
18:14:29 16/08/2026,97,126,0
18:14:31 16/08/2026,97,128,0
18:14:33 16/08/2026,97,130,2
18:14:35 16/08/2026,97,131,2
18:14:37 16/08/2026,97,131,3
18:14:39 16/08/2026,97,130,0
18:14:41 16/08/2026,96,129,0
18:14:43 16/08/2026,96,129,2
18:14:45 16/08/2026,96,128,0
18:14:47 16/08/2026,96,128,1
18:14:49 16/08/2026,96,129,3
18:14:51 16/08/2026,96,129,0
18:14:53 16/08/2026,96,131,0
18:14:55 16/08/2026,96,131,0
18:14:57 16/08/2026,97,131,0
18:14:59 16/08/2026,97,132,0
18:15:01 16/08/2026,97,133,0
18:15:03 16/08/2026,97,133,0
18:15:05 16/08/2026,97,133,0
18:15:07 16/08/2026,97,132,0
18:15:09 16/08/2026,97,131,0
18:15:11 16/08/2026,97,131,1
18:15:13 16/08/2026,97,131,0
18:15:15 16/08/2026,96,130,0
18:15:17 16/08/2026,96,130,3
18:15:19 16/08/2026,96,130,2
18:15:21 16/08/2026,96,130,2
18:15:23 16/08/2026,96,131,0
18:15:25 16/08/2026,96,131,1
18:15:27 16/08/2026,96,131,6
18:15:29 16/08/2026,96,131,15
18:15:31 16/08/2026,96,131,46
18:15:33 16/08/2026,96,131,0
18:15:35 16/08/2026,96,131,0
18:15:37 16/08/2026,96,131,0
18:15:39 16/08/2026,96,131,0
18:15:41 16/08/2026,96,131,0
18:15:43 16/08/2026,96,132,5
18:15:45 16/08/2026,97,132,1
18:15:47 16/08/2026,97,132,0
18:15:49 16/08/2026,97,132,0
18:15:51 16/08/2026,97,132,0
18:15:53 16/08/2026,96,132,0
18:15:55 16/08/2026,96,132,0
18:15:57 16/08/2026,97,132,0
18:15:59 16/08/2026,97,132,7
18:16:01 16/08/2026,97,133,0
18:16:03 16/08/2026,97,134,0
18:16:05 16/08/2026,97,134,0
18:16:07 16/08/2026,97,133,0
18:16:09 16/08/2026,97,133,0
18:16:11 16/08/2026,97,134,0
18:16:13 16/08/2026,97,135,0
18:16:15 16/08/2026,97,136,0
18:16:17 16/08/2026,97,136,0
18:16:19 16/08/2026,97,136,1
18:16:21 16/08/2026,97,135,0
18:16:23 16/08/2026,97,134,1
18:16:25 16/08/2026,97,134,0
18:16:27 16/08/2026,97,133,0
18:16:29 16/08/2026,97,134,0
18:16:31 16/08/2026,97,135,0
18:16:33 16/08/2026,97,136,0
18:16:35 16/08/2026,97,136,1
18:16:37 16/08/2026,97,135,0
18:16:39 16/08/2026,96,135,1
18:16:41 16/08/2026,96,134,4
18:16:43 16/08/2026,96,134,19
18:16:45 16/08/2026,96,133,13
18:16:47 16/08/2026,96,133,37
18:16:49 16/08/2026,96,132,0
18:16:51 16/08/2026,96,133,0
18:16:53 16/08/2026,96,132,1
18:16:55 16/08/2026,96,132,6
18:16:57 16/08/2026,96,132,5
18:16:59 16/08/2026,97,131,0
18:17:01 16/08/2026,97,132,1
18:17:03 16/08/2026,97,133,0
18:17:05 16/08/2026,97,133,0
18:17:07 16/08/2026,97,133,1
18:17:09 16/08/2026,97,132,0
18:17:11 16/08/2026,97,131,0
18:17:13 16/08/2026,97,131,0
18:17:15 16/08/2026,97,130,0
18:17:17 16/08/2026,97,130,0
18:17:19 16/08/2026,96,129,0
18:17:21 16/08/2026,97,128,0
18:17:23 16/08/2026,97,129,4
18:17:25 16/08/2026,97,129,0
18:17:27 16/08/2026,97,130,2
18:17:29 16/08/2026,96,131,0
18:17:31 16/08/2026,96,131,1
18:17:33 16/08/2026,96,131,0
18:17:35 16/08/2026,96,131,1
18:17:37 16/08/2026,96,131,0
18:17:39 16/08/2026,96,131,0
18:17:41 16/08/2026,96,131,0
18:17:43 16/08/2026,96,130,0
18:17:45 16/08/2026,96,129,0
18:17:47 16/08/2026,96,128,0
18:17:49 16/08/2026,96,128,0
18:17:51 16/08/2026,96,128,0
18:17:53 16/08/2026,96,128,0
18:17:55 16/08/2026,97,130,0
18:17:57 16/08/2026,97,131,3
18:17:59 16/08/2026,97,132,0
18:18:01 16/08/2026,96,131,3
18:18:03 16/08/2026,96,130,1
18:18:05 16/08/2026,97,130,2
18:18:07 16/08/2026,97,129,6
18:18:09 16/08/2026,97,129,3
18:18:11 16/08/2026,97,130,0
18:18:13 16/08/2026,97,129,0
18:18:15 16/08/2026,97,130,0
18:18:17 16/08/2026,97,132,5
18:18:19 16/08/2026,97,135,4
18:18:21 16/08/2026,97,137,25
18:18:23 16/08/2026,97,137,11
18:18:25 16/08/2026,97,138,1
18:18:27 16/08/2026,97,137,4
18:18:29 16/08/2026,97,135,25
18:18:31 16/08/2026,97,134,4
18:18:33 16/08/2026,97,132,0
18:18:35 16/08/2026,97,130,0
18:18:37 16/08/2026,96,131,2
18:18:39 16/08/2026,96,132,1
18:18:41 16/08/2026,96,131,0
18:18:43 16/08/2026,96,133,0
18:18:45 16/08/2026,97,134,0
18:18:47 16/08/2026,97,134,0
18:18:49 16/08/2026,97,135,5
18:18:51 16/08/2026,97,135,1
18:18:53 16/08/2026,97,136,1
18:18:55 16/08/2026,97,135,1
18:18:57 16/08/2026,97,135,1
18:18:59 16/08/2026,97,135,0
18:19:01 16/08/2026,97,135,1
18:19:03 16/08/2026,97,137,2
18:19:05 16/08/2026,96,139,1
18:19:07 16/08/2026,96,141,1
18:19:09 16/08/2026,96,142,3
18:19:11 16/08/2026,97,143,1
18:19:13 16/08/2026,97,144,1
18:19:15 16/08/2026,97,145,1
18:19:17 16/08/2026,97,146,6
18:19:19 16/08/2026,97,147,2
18:19:21 16/08/2026,97,147,0
18:19:23 16/08/2026,97,147,1
18:19:25 16/08/2026,97,146,1
18:19:27 16/08/2026,97,147,1
18:19:29 16/08/2026,97,148,3
18:19:31 16/08/2026,97,148,3
18:19:33 16/08/2026,97,149,0
18:19:35 16/08/2026,97,150,1
18:19:37 16/08/2026,97,149,1
18:19:39 16/08/2026,97,149,1
18:19:41 16/08/2026,96,149,0
18:19:43 16/08/2026,96,149,2
18:19:45 16/08/2026,96,150,1
18:19:47 16/08/2026,96,152,1
18:19:49 16/08/2026,96,155,1
18:19:51 16/08/2026,96,156,2
18:19:53 16/08/2026,96,157,1
18:19:55 16/08/2026,96,157,1
18:19:57 16/08/2026,96,157,3
18:19:59 16/08/2026,96,157,3
18:20:01 16/08/2026,96,158,2
18:20:03 16/08/2026,97,159,0
18:20:05 16/08/2026,97,160,1
18:20:07 16/08/2026,97,161,2
18:20:09 16/08/2026,97,161,1
18:20:11 16/08/2026,97,161,0
18:20:13 16/08/2026,97,160,2
18:20:15 16/08/2026,97,159,0
18:20:17 16/08/2026,97,158,0
18:20:19 16/08/2026,96,157,18
18:20:21 16/08/2026,96,156,27
18:20:23 16/08/2026,96,155,2
18:20:25 16/08/2026,96,154,0
18:20:27 16/08/2026,96,154,3
18:20:29 16/08/2026,96,153,1
18:20:31 16/08/2026,96,152,1
18:20:33 16/08/2026,96,151,1
18:20:35 16/08/2026,96,150,0
18:20:37 16/08/2026,96,149,0
18:20:39 16/08/2026,96,148,0
18:20:41 16/08/2026,97,148,5
18:20:43 16/08/2026,97,148,13
18:20:45 16/08/2026,97,147,1
18:20:47 16/08/2026,97,147,1
18:20:49 16/08/2026,97,147,12
18:20:51 16/08/2026,97,146,4
18:20:53 16/08/2026,97,145,0
18:20:55 16/08/2026,97,145,0
18:20:57 16/08/2026,97,144,0
18:20:59 16/08/2026,97,143,14
18:21:01 16/08/2026,97,143,9
18:21:03 16/08/2026,96,143,10
18:21:05 16/08/2026,96,143,9
18:21:07 16/08/2026,96,143,10
18:21:09 16/08/2026,97,144,9
18:21:11 16/08/2026,97,143,7
18:21:13 16/08/2026,96,141,9
18:21:15 16/08/2026,97,141,8
18:21:17 16/08/2026,96,140,5
18:21:19 16/08/2026,96,138,8
18:21:21 16/08/2026,96,138,8
18:21:23 16/08/2026,97,137,7
18:21:25 16/08/2026,97,137,6
18:21:27 16/08/2026,97,137,6
18:21:29 16/08/2026,97,136,7
18:21:31 16/08/2026,97,135,8
18:21:33 16/08/2026,97,135,6
18:21:35 16/08/2026,97,134,8
18:21:37 16/08/2026,97,134,8
18:21:39 16/08/2026,97,136,6
18:21:41 16/08/2026,96,135,6
18:21:43 16/08/2026,97,137,19
18:21:45 16/08/2026,97,135,0
18:21:47 16/08/2026,97,134,0
18:21:49 16/08/2026,97,134,0
18:21:51 16/08/2026,97,133,0
18:21:53 16/08/2026,97,134,0
18:21:55 16/08/2026,97,133,0
18:21:57 16/08/2026,97,133,1
18:21:59 16/08/2026,97,133,0
18:22:01 16/08/2026,97,133,0
18:22:03 16/08/2026,97,133,0
18:22:05 16/08/2026,97,132,0
18:22:07 16/08/2026,97,131,0
18:22:09 16/08/2026,97,130,0
18:22:11 16/08/2026,97,129,0
18:22:13 16/08/2026,97,129,0
18:22:15 16/08/2026,97,128,0
18:22:17 16/08/2026,97,126,0
18:22:19 16/08/2026,97,126,0
18:22:21 16/08/2026,97,125,0
18:22:23 16/08/2026,97,124,0
18:22:25 16/08/2026,97,123,0
18:22:27 16/08/2026,97,122,0
18:22:29 16/08/2026,97,122,0
18:22:31 16/08/2026,97,122,0
18:22:33 16/08/2026,96,123,4
18:22:35 16/08/2026,96,124,25
18:22:37 16/08/2026,96,124,4
18:22:39 16/08/2026,96,125,6
18:22:41 16/08/2026,97,124,3
18:22:43 16/08/2026,97,124,15
18:22:45 16/08/2026,97,124,5
18:22:47 16/08/2026,97,124,12
18:22:49 16/08/2026,97,124,8
18:22:51 16/08/2026,97,124,0
18:22:53 16/08/2026,97,124,0
18:22:55 16/08/2026,97,124,0
18:22:57 16/08/2026,97,124,0
18:22:59 16/08/2026,97,124,0
18:23:01 16/08/2026,97,123,0
18:23:03 16/08/2026,97,123,0
18:23:05 16/08/2026,97,122,0
18:23:07 16/08/2026,97,122,1
18:23:09 16/08/2026,97,122,0
18:23:11 16/08/2026,97,122,0
18:23:13 16/08/2026,97,122,0
18:23:15 16/08/2026,97,123,0
18:23:17 16/08/2026,97,121,1
18:23:19 16/08/2026,97,121,3
18:23:21 16/08/2026,97,121,8
18:23:23 16/08/2026,97,120,8
18:23:25 16/08/2026,97,122,7
18:23:27 16/08/2026,97,124,8
18:23:29 16/08/2026,97,128,9
18:23:31 16/08/2026,97,130,9
18:23:33 16/08/2026,97,130,10
18:23:35 16/08/2026,97,129,7
18:23:37 16/08/2026,97,129,8
18:23:39 16/08/2026,97,128,9
18:23:41 16/08/2026,97,128,9
18:23:43 16/08/2026,97,129,13
18:23:45 16/08/2026,97,115,7
18:23:47 16/08/2026,97,101,12
18:23:49 16/08/2026,97,101,12
18:23:51 16/08/2026,97,113,11
18:23:53 16/08/2026,97,125,9
18:23:55 16/08/2026,96,125,16
18:23:57 16/08/2026,96,112,28
18:23:59 16/08/2026,96,99,0
18:24:01 16/08/2026,96,100,0
18:24:03 16/08/2026,96,112,0
18:24:05 16/08/2026,96,124,24
18:24:07 16/08/2026,96,125,7
18:24:09 16/08/2026,96,123,0
18:24:11 16/08/2026,96,124,11
18:24:13 16/08/2026,96,124,11
18:24:15 16/08/2026,96,122,0
18:24:17 16/08/2026,97,123,0
18:24:19 16/08/2026,97,123,0
18:24:21 16/08/2026,97,121,0
18:24:23 16/08/2026,97,120,0
18:24:25 16/08/2026,97,120,0
18:24:27 16/08/2026,97,119,0
18:24:29 16/08/2026,97,119,0
18:24:31 16/08/2026,97,119,0
18:24:33 16/08/2026,97,118,0
18:24:35 16/08/2026,97,118,0
18:24:37 16/08/2026,97,118,0
18:24:39 16/08/2026,97,118,9
18:24:41 16/08/2026,97,118,13
18:24:43 16/08/2026,97,118,0
18:24:45 16/08/2026,97,119,0
18:24:47 16/08/2026,97,119,0
18:24:49 16/08/2026,97,119,0
18:24:51 16/08/2026,97,117,0
18:24:53 16/08/2026,96,114,0
18:24:55 16/08/2026,96,110,0
18:24:57 16/08/2026,96,112,0
18:24:59 16/08/2026,96,113,0
18:25:01 16/08/2026,97,114,0
18:25:03 16/08/2026,97,115,0
18:25:05 16/08/2026,97,115,0
18:25:07 16/08/2026,97,115,1
18:25:09 16/08/2026,97,116,59
18:25:11 16/08/2026,97,116,0
18:25:13 16/08/2026,97,116,0
18:25:15 16/08/2026,97,117,0
18:25:17 16/08/2026,97,118,0
18:25:19 16/08/2026,97,119,0
18:25:21 16/08/2026,97,119,0
18:25:23 16/08/2026,97,117,0
18:25:25 16/08/2026,97,117,0
18:25:27 16/08/2026,97,116,0
18:25:29 16/08/2026,97,117,0
18:25:31 16/08/2026,97,118,0
18:25:33 16/08/2026,97,118,0
18:25:35 16/08/2026,97,118,0
18:25:37 16/08/2026,97,119,0
18:25:39 16/08/2026,97,118,3
18:25:41 16/08/2026,97,118,0
18:25:43 16/08/2026,97,118,0
18:25:45 16/08/2026,97,117,0
18:25:47 16/08/2026,97,117,0
18:25:49 16/08/2026,97,118,0
18:25:51 16/08/2026,97,119,0
18:25:53 16/08/2026,97,119,0
18:25:55 16/08/2026,97,118,0
18:25:57 16/08/2026,97,116,0
18:25:59 16/08/2026,97,114,4
18:26:01 16/08/2026,97,114,5
18:26:03 16/08/2026,97,114,6
18:26:05 16/08/2026,97,114,7
18:26:07 16/08/2026,97,114,1
18:26:09 16/08/2026,97,114,2
18:26:11 16/08/2026,97,116,0
18:26:13 16/08/2026,97,116,0
18:26:15 16/08/2026,97,117,0
18:26:17 16/08/2026,97,117,0
18:26:19 16/08/2026,97,115,0
18:26:21 16/08/2026,97,115,0
18:26:23 16/08/2026,97,115,0
18:26:25 16/08/2026,97,114,0
18:26:27 16/08/2026,97,114,0
18:26:29 16/08/2026,97,114,0
18:26:31 16/08/2026,97,113,0
18:26:33 16/08/2026,97,113,0
18:26:35 16/08/2026,97,112,0
18:26:37 16/08/2026,97,113,0
18:26:39 16/08/2026,97,113,0
18:26:41 16/08/2026,97,113,0
18:26:43 16/08/2026,97,113,0
18:26:45 16/08/2026,97,113,1
18:26:47 16/08/2026,97,113,0
18:26:49 16/08/2026,97,113,0
18:26:51 16/08/2026,97,112,0
18:26:53 16/08/2026,97,112,0
18:26:55 16/08/2026,97,112,0
18:26:57 16/08/2026,97,111,1
18:26:59 16/08/2026,97,112,0
18:27:01 16/08/2026,97,113,0
18:27:03 16/08/2026,97,113,0
18:27:05 16/08/2026,97,113,0
18:27:07 16/08/2026,97,113,0
18:27:09 16/08/2026,97,113,1
18:27:11 16/08/2026,97,113,8
18:27:13 16/08/2026,97,113,1
18:27:15 16/08/2026,97,113,2
18:27:17 16/08/2026,97,113,1
18:27:19 16/08/2026,97,114,1
18:27:21 16/08/2026,97,115,0
18:27:23 16/08/2026,97,115,1
18:27:25 16/08/2026,97,114,1
18:27:27 16/08/2026,97,112,2
18:27:29 16/08/2026,97,111,0
18:27:31 16/08/2026,97,111,0
18:27:33 16/08/2026,97,110,0
18:27:35 16/08/2026,97,110,0
18:27:37 16/08/2026,97,111,0
18:27:39 16/08/2026,97,111,0
18:27:41 16/08/2026,97,112,0
18:27:43 16/08/2026,96,113,1
18:27:45 16/08/2026,96,113,0
18:27:47 16/08/2026,96,112,0
18:27:49 16/08/2026,96,112,0
18:27:51 16/08/2026,95,111,0
18:27:53 16/08/2026,96,111,0
18:27:55 16/08/2026,96,112,0
18:27:57 16/08/2026,96,112,0
18:27:59 16/08/2026,96,112,1
18:28:01 16/08/2026,96,111,1
18:28:03 16/08/2026,96,111,0
18:28:05 16/08/2026,96,110,0
18:28:07 16/08/2026,96,110,6
18:28:09 16/08/2026,96,110,6
18:28:11 16/08/2026,96,110,2
18:28:13 16/08/2026,96,110,2
18:28:15 16/08/2026,96,110,13
18:28:17 16/08/2026,96,110,5
18:28:19 16/08/2026,96,110,12
18:28:21 16/08/2026,96,110,17
18:28:23 16/08/2026,96,110,7
18:28:25 16/08/2026,96,110,8
18:28:27 16/08/2026,96,110,27
18:28:29 16/08/2026,96,110,9
18:28:31 16/08/2026,96,110,10
18:28:33 16/08/2026,96,110,3
18:28:35 16/08/2026,96,110,1
18:28:37 16/08/2026,96,110,2
18:28:39 16/08/2026,96,110,4
18:28:41 16/08/2026,96,109,1
18:28:43 16/08/2026,96,108,1
18:28:45 16/08/2026,96,106,5
18:28:47 16/08/2026,96,105,16
18:28:49 16/08/2026,96,103,11
18:28:51 16/08/2026,96,103,9
18:28:53 16/08/2026,96,102,8
18:28:55 16/08/2026,96,102,18
18:28:57 16/08/2026,96,103,12
18:28:59 16/08/2026,96,103,13
18:29:01 16/08/2026,96,103,6
18:29:03 16/08/2026,96,100,3
18:29:05 16/08/2026,96,97,0
18:29:07 16/08/2026,96,96,3
18:29:09 16/08/2026,96,96,0
18:29:11 16/08/2026,96,98,5
18:29:13 16/08/2026,97,100,10
18:29:15 16/08/2026,97,100,6
18:29:17 16/08/2026,97,102,10
18:29:19 16/08/2026,97,106,7
18:29:21 16/08/2026,96,106,4
18:29:23 16/08/2026,96,107,9
18:29:25 16/08/2026,96,106,28
18:29:27 16/08/2026,96,105,0
18:29:29 16/08/2026,96,106,0
18:29:31 16/08/2026,96,105,0
18:29:33 16/08/2026,96,105,18
18:29:35 16/08/2026,96,104,11
18:29:37 16/08/2026,96,104,14
18:29:39 16/08/2026,96,104,11
18:29:41 16/08/2026,96,104,0
18:29:43 16/08/2026,96,105,0
18:29:45 16/08/2026,96,107,3
18:29:47 16/08/2026,96,109,4
18:29:49 16/08/2026,96,110,1
18:29:51 16/08/2026,97,109,0
18:29:53 16/08/2026,96,107,0
18:29:55 16/08/2026,97,105,0
18:29:57 16/08/2026,97,104,0
18:29:59 16/08/2026,97,105,0
18:30:01 16/08/2026,97,106,0
18:30:03 16/08/2026,97,108,0
18:30:05 16/08/2026,97,109,0
18:30:07 16/08/2026,97,109,2
18:30:09 16/08/2026,97,110,1
18:30:11 16/08/2026,97,110,0
18:30:13 16/08/2026,97,110,13
18:30:15 16/08/2026,97,111,8
18:30:17 16/08/2026,97,111,0
18:30:19 16/08/2026,97,112,1
18:30:21 16/08/2026,97,111,0
18:30:23 16/08/2026,97,111,34
18:30:25 16/08/2026,97,111,5
18:30:27 16/08/2026,97,110,1
18:30:29 16/08/2026,97,111,0
18:30:31 16/08/2026,97,111,0
18:30:33 16/08/2026,97,112,0
18:30:35 16/08/2026,97,115,0
18:30:37 16/08/2026,97,118,0
18:30:39 16/08/2026,97,118,0
18:30:41 16/08/2026,97,117,1
18:30:43 16/08/2026,97,116,3
18:30:45 16/08/2026,97,116,3
18:30:47 16/08/2026,97,116,4
18:30:49 16/08/2026,97,116,0
18:30:51 16/08/2026,97,116,0
18:30:53 16/08/2026,97,116,2
18:30:55 16/08/2026,97,116,0
18:30:57 16/08/2026,97,117,6
18:30:59 16/08/2026,97,118,16
18:31:01 16/08/2026,97,118,24
18:31:03 16/08/2026,97,119,3
18:31:05 16/08/2026,97,119,0
18:31:07 16/08/2026,97,122,0
18:31:09 16/08/2026,97,124,0
18:31:11 16/08/2026,97,125,0
18:31:13 16/08/2026,97,126,0
18:31:15 16/08/2026,97,126,0
18:31:17 16/08/2026,96,126,0
18:31:19 16/08/2026,96,125,23
18:31:21 16/08/2026,97,125,0
18:31:23 16/08/2026,97,126,0
18:31:25 16/08/2026,97,129,36
18:31:27 16/08/2026,97,128,0
18:31:29 16/08/2026,97,128,69
18:31:31 16/08/2026,97,128,8
18:31:33 16/08/2026,97,128,37
18:31:35 16/08/2026,97,128,21
18:31:37 16/08/2026,97,125,0
18:31:39 16/08/2026,97,120,0
18:31:41 16/08/2026,97,113,0
18:31:43 16/08/2026,97,110,0
18:31:45 16/08/2026,97,107,0
18:31:47 16/08/2026,97,106,0
18:31:49 16/08/2026,97,106,0
18:31:51 16/08/2026,96,106,0
18:31:53 16/08/2026,95,107,0
18:31:55 16/08/2026,94,107,0
18:31:57 16/08/2026,93,107,0
18:31:59 16/08/2026,93,107,0
18:32:01 16/08/2026,93,107,0
18:32:03 16/08/2026,94,107,0
18:32:05 16/08/2026,95,107,23
18:32:07 16/08/2026,95,107,25
18:32:09 16/08/2026,95,106,0
18:32:11 16/08/2026,95,106,0
18:32:13 16/08/2026,95,104,0
18:32:15 16/08/2026,95,104,0
18:32:17 16/08/2026,95,106,0
18:32:19 16/08/2026,96,104,0
18:32:21 16/08/2026,96,104,0
18:32:23 16/08/2026,96,105,0
18:32:25 16/08/2026,96,105,0
18:32:27 16/08/2026,96,106,0
18:32:29 16/08/2026,95,107,0
18:32:31 16/08/2026,95,107,0
18:32:33 16/08/2026,95,104,0
18:32:35 16/08/2026,95,104,31
18:32:37 16/08/2026,94,103,1
18:32:39 16/08/2026,94,103,21
18:32:41 16/08/2026,94,104,8
18:32:43 16/08/2026,94,104,24
18:32:45 16/08/2026,94,105,12
18:32:47 16/08/2026,94,105,8
18:32:49 16/08/2026,94,102,3
18:32:51 16/08/2026,94,100,2
18:32:53 16/08/2026,94,98,0
18:32:55 16/08/2026,94,99,5
18:32:57 16/08/2026,94,101,18
18:32:59 16/08/2026,94,103,18
18:33:01 16/08/2026,94,104,21
18:33:03 16/08/2026,94,104,81
18:33:05 16/08/2026,94,106,61
18:33:07 16/08/2026,94,106,9
18:33:09 16/08/2026,94,106,10
18:33:11 16/08/2026,95,106,10
18:33:13 16/08/2026,95,106,11
18:33:15 16/08/2026,95,110,6
18:33:17 16/08/2026,95,110,0
18:33:19 16/08/2026,95,110,14
18:33:21 16/08/2026,95,109,0
18:33:23 16/08/2026,95,107,0
18:33:25 16/08/2026,95,107,10
18:33:27 16/08/2026,95,108,65
18:33:29 16/08/2026,96,107,5
18:33:31 16/08/2026,96,108,6
18:33:33 16/08/2026,96,109,30
18:33:35 16/08/2026,96,108,1
18:33:37 16/08/2026,96,108,1
18:33:39 16/08/2026,96,108,19
18:33:41 16/08/2026,96,108,10
18:33:43 16/08/2026,96,108,23
18:33:45 16/08/2026,96,109,0
18:33:47 16/08/2026,96,110,5
18:33:49 16/08/2026,96,111,0
18:33:51 16/08/2026,96,110,1
18:33:53 16/08/2026,96,111,3
18:33:55 16/08/2026,96,109,19
18:33:57 16/08/2026,96,109,49
18:33:59 16/08/2026,96,110,28
18:34:01 16/08/2026,96,110,6
18:34:03 16/08/2026,96,111,2
18:34:05 16/08/2026,96,111,2
18:34:07 16/08/2026,96,111,0
18:34:09 16/08/2026,96,108,0
18:34:11 16/08/2026,97,103,6
18:34:13 16/08/2026,97,97,18
18:34:15 16/08/2026,97,94,17
18:34:17 16/08/2026,97,93,3
18:34:19 16/08/2026,97,92,3
18:34:21 16/08/2026,97,93,3
18:34:23 16/08/2026,97,92,2
18:34:25 16/08/2026,97,90,2
18:34:27 16/08/2026,96,88,1
18:34:29 16/08/2026,96,87,1
18:34:31 16/08/2026,96,87,1
18:34:33 16/08/2026,96,86,1
18:34:35 16/08/2026,96,85,1
18:34:37 16/08/2026,96,85,3
18:34:39 16/08/2026,96,85,38
18:34:41 16/08/2026,96,84,12
18:34:43 16/08/2026,96,85,17
18:34:45 16/08/2026,96,85,6
18:34:47 16/08/2026,96,85,19
18:34:49 16/08/2026,96,86,0
18:34:51 16/08/2026,96,86,0
18:34:53 16/08/2026,96,87,0
18:34:55 16/08/2026,96,85,26
18:34:57 16/08/2026,96,84,3
18:34:59 16/08/2026,96,82,38
18:35:01 16/08/2026,96,81,4
18:35:03 16/08/2026,96,81,1
18:35:05 16/08/2026,96,82,0
18:35:07 16/08/2026,96,85,0
18:35:09 16/08/2026,96,85,0
18:35:11 16/08/2026,96,85,0
18:35:13 16/08/2026,96,84,0
18:35:15 16/08/2026,97,78,0
18:35:17 16/08/2026,97,76,0
18:35:19 16/08/2026,97,77,0
18:35:21 16/08/2026,97,80,0
18:35:23 16/08/2026,97,83,0
18:35:25 16/08/2026,97,84,0
18:35:27 16/08/2026,97,80,0
18:35:29 16/08/2026,97,77,0
18:35:31 16/08/2026,97,78,0
18:35:33 16/08/2026,97,80,0
18:35:35 16/08/2026,97,79,0
18:35:37 16/08/2026,97,78,0
18:35:39 16/08/2026,97,76,0
18:35:41 16/08/2026,97,77,0
18:35:43 16/08/2026,97,79,0
18:35:45 16/08/2026,97,79,0
18:35:47 16/08/2026,97,78,0
18:35:49 16/08/2026,97,78,0
18:35:51 16/08/2026,97,81,0
18:35:53 16/08/2026,97,81,0
18:35:55 16/08/2026,97,80,0
18:35:57 16/08/2026,97,80,0
18:35:59 16/08/2026,97,80,0
18:36:01 16/08/2026,97,84,0
18:36:03 16/08/2026,97,83,0
18:36:05 16/08/2026,97,81,0
18:36:07 16/08/2026,97,81,0
18:36:09 16/08/2026,97,83,0
18:36:11 16/08/2026,97,86,0
18:36:13 16/08/2026,97,84,0
18:36:15 16/08/2026,97,81,0
18:36:17 16/08/2026,97,81,0
18:36:19 16/08/2026,97,84,0
18:36:21 16/08/2026,97,87,0
18:36:23 16/08/2026,97,87,0
18:36:25 16/08/2026,97,86,0
18:36:27 16/08/2026,97,85,0
18:36:29 16/08/2026,97,84,0
18:36:31 16/08/2026,97,82,0
18:36:33 16/08/2026,97,82,0
18:36:35 16/08/2026,97,82,0
18:36:37 16/08/2026,97,83,0
18:36:39 16/08/2026,97,83,0
18:36:41 16/08/2026,97,82,0
18:36:43 16/08/2026,97,82,0
18:36:45 16/08/2026,97,85,0
18:36:47 16/08/2026,97,85,0
18:36:49 16/08/2026,97,82,0
18:36:51 16/08/2026,97,79,0
18:36:53 16/08/2026,97,79,0
18:36:55 16/08/2026,97,81,17
18:36:57 16/08/2026,97,84,21
18:36:59 16/08/2026,97,84,0
18:37:01 16/08/2026,97,82,0
18:37:03 16/08/2026,97,81,0
18:37:05 16/08/2026,97,80,0
18:37:07 16/08/2026,97,80,0
18:37:09 16/08/2026,97,81,0
18:37:11 16/08/2026,97,79,0
18:37:13 16/08/2026,97,76,0
18:37:15 16/08/2026,97,76,0
18:37:17 16/08/2026,97,77,0
18:37:19 16/08/2026,97,77,0
18:37:21 16/08/2026,98,77,0
18:37:23 16/08/2026,98,76,0
18:37:25 16/08/2026,98,75,0
18:37:27 16/08/2026,98,77,0
18:37:29 16/08/2026,98,77,0
18:37:31 16/08/2026,98,76,0
18:37:33 16/08/2026,98,76,0
18:37:35 16/08/2026,98,77,0
18:37:37 16/08/2026,98,77,0
18:37:39 16/08/2026,98,77,0
18:37:41 16/08/2026,98,77,0
18:37:43 16/08/2026,98,77,0
18:37:45 16/08/2026,98,79,0
18:37:47 16/08/2026,98,78,0
18:37:49 16/08/2026,98,77,0
18:37:51 16/08/2026,98,78,0
18:37:53 16/08/2026,98,79,0
18:37:55 16/08/2026,98,78,0
18:37:57 16/08/2026,98,79,0
18:37:59 16/08/2026,98,79,0
18:38:01 16/08/2026,98,78,0
18:38:03 16/08/2026,98,81,0
18:38:05 16/08/2026,98,79,0
18:38:07 16/08/2026,97,76,0
18:38:09 16/08/2026,97,75,0
18:38:11 16/08/2026,97,74,0
18:38:13 16/08/2026,97,74,0
18:38:15 16/08/2026,97,75,0
18:38:17 16/08/2026,97,73,0
18:38:19 16/08/2026,97,72,0
18:38:21 16/08/2026,97,73,0
18:38:23 16/08/2026,97,73,0
18:38:25 16/08/2026,97,72,0
18:38:27 16/08/2026,97,73,0
18:38:29 16/08/2026,97,71,0
18:38:31 16/08/2026,97,71,0
18:38:33 16/08/2026,97,71,0
18:38:35 16/08/2026,97,73,0
18:38:37 16/08/2026,97,74,0
18:38:39 16/08/2026,97,75,0
18:38:41 16/08/2026,97,75,0
18:38:43 16/08/2026,97,76,0
18:38:45 16/08/2026,97,75,0
18:38:47 16/08/2026,97,74,0
18:38:49 16/08/2026,97,73,0
18:38:51 16/08/2026,97,72,0
18:38:53 16/08/2026,97,73,0
18:38:55 16/08/2026,97,75,0
18:38:57 16/08/2026,97,75,0
18:38:59 16/08/2026,97,73,0
18:39:01 16/08/2026,97,72,0
18:39:03 16/08/2026,97,70,0
18:39:05 16/08/2026,97,70,0
18:39:07 16/08/2026,97,70,0
18:39:09 16/08/2026,97,70,0
18:39:11 16/08/2026,97,71,0
18:39:13 16/08/2026,97,70,0
18:39:15 16/08/2026,97,70,0
18:39:17 16/08/2026,97,68,0
18:39:19 16/08/2026,97,69,0
18:39:21 16/08/2026,97,69,0
18:39:23 16/08/2026,97,70,0
18:39:25 16/08/2026,97,71,0
18:39:27 16/08/2026,97,71,0
18:39:29 16/08/2026,97,72,0
18:39:31 16/08/2026,97,72,0
18:39:33 16/08/2026,97,72,0
18:39:35 16/08/2026,97,72,0
18:39:37 16/08/2026,97,72,0
18:39:39 16/08/2026,97,72,0
18:39:41 16/08/2026,97,72,0
18:39:43 16/08/2026,97,71,0
18:39:45 16/08/2026,97,71,0
18:39:47 16/08/2026,97,71,0
18:39:49 16/08/2026,97,71,0
18:39:51 16/08/2026,96,71,0
18:39:53 16/08/2026,96,71,0
18:39:55 16/08/2026,96,71,0
18:39:57 16/08/2026,96,71,0
18:39:59 16/08/2026,96,71,0
18:40:01 16/08/2026,96,72,0
18:40:03 16/08/2026,96,72,0
18:40:05 16/08/2026,96,72,0
18:40:07 16/08/2026,96,72,0
18:40:09 16/08/2026,96,73,0
18:40:11 16/08/2026,96,72,0
18:40:13 16/08/2026,96,70,0
18:40:15 16/08/2026,95,68,0
18:40:17 16/08/2026,95,68,0
18:40:19 16/08/2026,95,68,0
18:40:21 16/08/2026,95,68,0
18:40:23 16/08/2026,96,68,0
18:40:25 16/08/2026,96,69,0
18:40:27 16/08/2026,97,70,0
18:40:29 16/08/2026,98,70,0
18:40:31 16/08/2026,98,69,0
18:40:33 16/08/2026,98,68,0
18:40:35 16/08/2026,98,69,0
18:40:37 16/08/2026,98,72,0
18:40:39 16/08/2026,98,72,0
18:40:41 16/08/2026,98,70,0
18:40:43 16/08/2026,98,69,0
18:40:45 16/08/2026,98,69,0
18:40:47 16/08/2026,98,71,0
18:40:49 16/08/2026,98,72,0
18:40:51 16/08/2026,98,71,0
18:40:53 16/08/2026,98,70,0
18:40:55 16/08/2026,98,70,0
18:40:57 16/08/2026,98,71,0
18:40:59 16/08/2026,98,71,0
18:41:01 16/08/2026,98,70,0
18:41:03 16/08/2026,98,69,0
18:41:05 16/08/2026,98,69,0
18:41:07 16/08/2026,98,70,0
18:41:09 16/08/2026,98,71,0
18:41:11 16/08/2026,98,71,0
18:41:13 16/08/2026,98,71,0
18:41:15 16/08/2026,98,71,0
18:41:17 16/08/2026,98,71,0
18:41:19 16/08/2026,97,71,0
18:41:21 16/08/2026,97,70,0
18:41:23 16/08/2026,97,69,3
18:41:25 16/08/2026,97,69,4
18:41:27 16/08/2026,97,71,3
18:41:29 16/08/2026,97,73,0
18:41:31 16/08/2026,97,74,0
18:41:33 16/08/2026,97,76,0
18:41:35 16/08/2026,97,75,0
18:41:37 16/08/2026,97,75,2
18:41:39 16/08/2026,97,76,2
18:41:41 16/08/2026,97,76,9
